drop database if exists data_test;
create database data_test;
use data_test;

create table position (
id int primary key auto_increment,
name varchar(45),
is_delete bit default 0
);

create table education_degree(
id int primary key auto_increment,
name varchar(45),
is_delete bit default 0
);

create table division(
id int primary key auto_increment,
name varchar(45),
is_delete bit default 0
);

create table employee(
id int auto_increment primary key,
name varchar(45),
date_of_birth date,
id_card varchar(45),
salary double,
phone_number varchar(45),
email varchar(45),
address varchar(45),
position_id int,
education_degree_id int,
division_id int,
username varchar(255),
foreign key (position_id) references position (id),
foreign key (education_degree_id) references education_degree (id),
foreign key (division_id) references division (id),
is_delete bit default 0
);
-- Thêm thông tin vị trí - position
INSERT INTO `position` (`id`, `name`) 
VALUES (1, 'Lễ tân'),
(2, 'Phục vụ'),
(3, 'Chuyên viên'),
(4, 'Giám sát'),
(5, 'Quản lý'),
(6, 'Giám đốc');

-- Thêm thông tin education_degree
INSERT INTO `education_degree` (`id`, `name`)
VALUES (1, 'Trung Cấp'),
(2, 'Cao Đẳng'),
(3, 'Đại Học'),
(4, 'Sau Đại Học');

-- Thêm thông tin division
INSERT INTO `division` (`id`, `name`) 
VALUES (1, 'Sale-Marketing'),
(2, 'Hành chính'),
(3, 'Phục vụ'),
(4, 'Quản lý');
-- Thêm thông tin employee
INSERT INTO `employee` (`id`, `name`, `date_of_birth`, `id_card`, `salary`, `phone_number`, `email`, `address`, `position_id`, `education_degree_id`, `division_id`) 
VALUES (1, 'Nguyễn Văn An', '1970-11-07', '456231786', 10000000, '0901234121', 'annguyen@gmail.com', '295 Nguyễn Tất Thành, Đà Nẵng', 1, 3, 1),
(2, 'Lê Văn Bình', '1997-04-09', '654231234', 7000000, '0934212314', 'binhlv@gmail.com', '22 Yên Bái, Đà Nẵng', 1, 2, 2),
(3, 'Hồ Thị Yến', '1995-12-12', '999231723', 14000000, '0412352315', 'thiyen@gmail.com', 'K234/11 Điện Biên Phủ, Gia Lai', 1, 3, 2),
(4, 'Võ Công Toản', '1980-04-04', '123231365', 17000000, '0374443232', 'toan0404@gmail.com', '77 Hoàng Diệu, Quảng Trị', 1, 4, 4),
(5, 'Nguyễn Bỉnh Phát', '1999-12-09', '454363232', 6000000, '0902341231', 'phatphat@gmail.com', '43 Yên Bái, Đà Nẵng', 2, 1, 1),
(6, 'Khúc Nguyễn An Nghi', '2000-11-08', '964542311', 7000000, '0978653213', 'annghi20@gmail.com', '294 Nguyễn Tất Thành, Đà Nẵng', 2, 2, 3),
(7, 'Nguyễn Hữu Hà', '1993-01-01', '534323231', 8000000, '0941234553', 'nhh0101@gmail.com', '4 Nguyễn Chí Thanh, Huế', 2, 3, 2),
(8, 'Nguyễn Hà Đông', '1989-09-03', '234414123', 9000000, '0642123111', 'donghanguyen@gmail.com', '111 Hùng Vương, Hà Nội', 2, 4, 4),
(9, 'Tòng Hoang', '1982-09-03', '256781231', 6000000, '0245144444', 'hoangtong@gmail.com', '213 Hàm Nghi, Đà Nẵng', 2, 4, 4),
(10, 'Nguyễn Công Đạo', '1994-01-08', '755434343', 8000000, '0988767111', 'nguyencongdao12@gmail.com', '6 Hoà Khánh, Đồng Nai', 2, 3, 2);
